global_step,epoch,phase,loss,loss_ema,accuracy,macro_f1,lr
1,0.0033112582781456954,train,1.5564,1.5564,,,0.0
151,0.5,train,1.0231,1.545734,,,3.982961891375633e-05
